,seq,name,relations,occupation,religion,politics,startingyear
0,0,ابراهيم النعمه,6,Religion,1,0,1943
1,1,ابراهيم احمد السليم,0,Health,0,0,1932
2,2,ابراهيم احمد اليونس العبيدي,0,Education,0,0,1920
3,3,ابراهيم احمد عطار باشي م,5,Government,0,1,1878
4,4,ابراهيم الجلبي,6,Journalism,0,1,1895
5,5,ابراهيم بشير النائب,0,Health,0,0,1932
6,6,ابراهيم بطرس ابراهيم,0,Education,0,0,1903
7,7,ابراهيم حمادي العزاوي ,0,Art,0,0,1910
8,8,ابراهيم بهنام,0,Education,0,0,1918
9,9,ابراهيم جنداري جمعه خليفه الجميلي,0,Education,0,0,1954
10,10,ابراهيم حبش,0,Health,0,0,1922
11,11,ابراهيم حسن ناصر,0,Literature,0,0,1961
12,12,ابراهيم حسيب المفتي,0,Education,0,0,1908
13,13,ابراهيم حنوش غزاله,0,Education,0,0,1925
14,14,ابراهيم خليل العلاف,5,Education,0,0,1945
15,15,ابراهيم سليمان نادر,0,Literature,0,0,1988
16,16,ابراهيم سيد حسين,0,Education,1,0,1933
17,17,ابراهيم صلاوي,10,Sport,0,0,1950
18,18,ابراهيم عبدالعزيز بيثون,0,Business,0,0,1910
19,19,ابراهيم عبو,1,Art,0,0,1927
20,20,ابراهيم عرفات,0,Health,0,0,1948
21,21,ابراهيم علي النجفي,0,Education,0,0,1923
22,22,ابراهيم عمر كشموله,0,Health,0,1,1938
23,23,ابراهيم غزاله,0,Education,0,0,1921
24,24,ابراهيم فاضل المشهداني,8,Religion,1,0,1943
25,25,ابراهيم كشموله,0,Health,0,0,1921
26,26,ابراهيم كمال,0,Government,0,1,1895
27,27,ابراهيم محل حمادي البدراني,0,Education,0,0,1947
28,28,ابراهيم محمد حسون القصاب,0,Education,0,0,1971
29,29,ابراهيم محمد محمود مصطفى الحمداني,0,Education,0,0,1966
30,30,ابراهيم محمود عبد الحفوظي ,0,Education,0,0,1998
31,31,ابراهيم وصفي رفيق,1,Jurisdiction,0,0,1953
32,32,ابوبكر عبدالبر الموصلي,0,Religion,1,0,1953
33,33,اُبي سعيد احمد محمد الديوه جي,0,Education,0,0,1948
34,34,اثناسيوس بهنام خليان,1,Religion,1,0,1883
35,35,اثيل الجومرد,0,Education,0,0,1970
36,36,احسان ادريس,0,Education,0,0,1966
37,37,احسان عبدالغني مصطفى,0,Education,0,0,1967
38,38,احلام خيرالله,0,Health,0,0,1949
39,39,احمد افندي الخياط,0,Religion,1,0,1949
40,40,احمد الجوادي,10,Education,0,0,1949
41,41,احمد الجوادي,10,Religion,1,1,1867
42,42,احمد الحاج سعيد,1,Army,0,0,1918
43,43,احمد الحاج طه صالح,0,Education,0,0,1932
44,44,احمد الدباغ,0,Health,0,0,1934
45,45,احمد الديوه جي,4,Education,1,0,1868
46,46,احمد الصوفي,0,Education,0,1,1893
47,47,احمد الماجد,4,Art,0,0,1972
48,48,احمد المفرجي,0,Art,0,0,1946
49,49,احمد بشير النائب,0,Government,0,0,1938
50,50,احمد جرجيس,0,Literature,0,0,1938
51,51,احمد ملا بكر علوان,0,Religion,1,0,1938
52,52,احمد توفيق جليمران,1,Health,0,0,1947
53,53,احمد جارالله ياسين القاضي,2,Literature,0,0,1972
54,54,احمد جاسم محمد الجبوري,0,Education,0,0,1936
55,55,احمد حامد الشربتي,0,Education,0,0,1915
56,56,احمد حسين الجرجري,0,Health,0,0,1956
57,57,احمد حمدي جمالالدين السيد محمود افندي,16,Government,1,1,1925
58,58,احمد دخيل,0,Art,0,0,1957
59,59,احمد سامي الجلبي,34,Journalism,0,1,1932
60,60,احمد سعدالدين زياده,8,Journalism,0,1,1910
61,61,احمد سعدون شلاش,0,Education,0,0,1943
62,62,احمد سعيد حديد,0,Education,0,0,1930
63,63,احمد سعيد عبدالله فتحي الحمداني,0,Education,0,0,1959
64,64,احمد شوقي الحسيني,2,Government,0,1,1896
65,65,احمد طلب,47,Art,0,0,1965
66,66,احمد عدنان حافظ,1,Government,0,0,1909
67,67,احمد عزت ال قاسم اغا السعرتي,21,Literature,0,0,1869
68,68,احمد عزه باشا ,1,Literature,0,0,1823
69,69,احمد علي الصفو ,1,Art,0,0,1900
70,70,احمد فتاح الموصلي,2,Art,0,0,1905
71,71,احمد فتحي رمضان الحياني,0,Education,0,0,1958
72,72,احمد قاسم الجمعه,2,Education,0,0,1938
73,73,احمد قاسم الفخري,17,Literature,0,1,1926
74,74,احمد محمد المختار,13,Journalism,1,1,1932
75,75,احمد محمد علي الديري,0,Education,0,0,1922
76,76,احمد محمد يحيى,0,Government,0,0,1916
77,77,احمد محمود الفخري,3,Literature,1,1,1863
78,78,احمد مخلص,1,Literature,1,0,1963
79,79,احمد مدحت سليمان النجفي,1,Education,0,0,1889
80,80,احمد يوسف حاجم,0,Education,0,0,1967
81,81,ادريس الحاج داؤد,0,Health,0,0,1935
82,82,ادريس الكلاك,1,Education,1,0,1934
83,83,ادريس حسيب عبدالفتاح,0,Education,0,0,1933
84,84,ادريس طاهر يونس الطحان,0,Education,0,1,1951
85,85,ادريس عبدالقادر,0,Education,0,0,1926
86,86,ادريس عبدالمجيد,0,Education,0,0,1932
87,87,ادمون صبري,7,Literature,0,0,1921
88,88,ادهام عبدالعزيز حسين,0,Education,0,0,1943
89,89,ادهام محمد حنش,2,Government,0,1,1961
90,90,اديبه مجيد علي الطالب,0,Education,0,0,1939
91,91,اديب محمد علي القليه جي,9,Art,0,0,1940
92,92,ارداش كاكافيان,0,Art,0,0,1940
93,93,ارشام ارداش خاجيل,0,Education,0,0,1953
94,94,ارشد العمري,28,Government,0,1,1888
95,95,ارشد توفيق,0,Literature,0,1,1944
96,96,ازهر العبيدي,0,Army,0,0,1946
97,97,ازهر الملاح,0,Government,0,0,1954
98,98,ازهر حسيب عبدالفتاح,0,Education,0,0,1935
99,99,اُسامه عبدالعزيز النجيفي,2,Health,0,0,1956
100,100,اسباهيه يونس المحسن,0,Government,1,0,1957
101,101,اسحق حنا عيسكو,1,Health,0,0,1909
102,102,اسحق ساكا,0,Health,0,0,1931
103,103,اسعد نشاط نعمان توفيق الفخري,0,Art,0,0,1930
104,104,اسكندر زغبي,8,Art,0,0,1838
105,105,اسكندر معروف,0,Jurisdiction,0,0,1912
106,106,اسماء الجوادي,0,Health,0,0,1945
107,107,اسماعيل افندي  ,4,Religion,0,1,1882
108,108,اسماعيل الشربتي,0,Government,0,0,1902
109,109,اسماعيل العمري,0,Jurisdiction,0,0,1928
110,110,اسماعيل الفحام,58,Art,0,1,1905
111,111,اسماعيل المفتي,0,Health,0,0,1963
112,112,اسماعيل حامد عبدالرحمن,0,Health,0,0,1928
113,113,اسماعيل حاوا,0,Health,0,0,1913
114,114,اسماعيل حسين,0,Art,0,0,1913
115,115,اسماعيل حقي فرج,14,Literature,1,1,1892
116,116,اسماعيل خليل ابراهيم,0,Education,0,0,1967
117,117,اسماعيل صفوه سعيد,1,Government,0,0,1896
118,118,اسماعيل يوسف صادق,0,Government,0,1,1971
119,119,اصف وفائي ال قاسم اغا,0,Government,0,0,1876
120,120,اغناطيوس افرام,0,Religion,1,0,1859
121,121,اغناطيوس افرام رحماني,1,Religion,0,0,1849
122,122,اغناطيوس جبرائيل تبوني,0,Religion,0,0,1879
123,123,افرام برصوم الاول,2,Health,0,0,1887
124,124,اكرم الزيباري,0,Art,1,0,1932
125,125,اكرم السراج,0,Education,0,0,1957
126,126,اكرم العلي,0,Health,0,0,1930
127,127,اكرم حبيب,31,Art,0,0,1937
128,128,اكرم صالح محمد الملا بكر,0,Health,0,0,1942
129,129,اكرم ضياء العمري,3,Government,0,0,1942
130,130,اكرم عبدالوهاب ,18,Education,1,0,1954
131,131,اكرم فاضل الصيدلي,6,Government,0,1,1918
132,132,اكرم نجيب,0,Health,0,0,1929
133,133,اكرم يونس الساعاتي,0,Education,0,0,1941
134,134,اكوب كبرائيل,0,Literature,0,0,1928
135,135,البرتين ايليا حبوش,0,Education,0,0,1929
136,136,البير ابونا الكلداني,2,Government,0,0,1928
137,137,البير ايليا يوسف,0,Education,0,0,1944
138,138,عبدالله السليم ال داؤد اغا,0,Literature,0,0,1879
139,139,علي الطالب,10,Art,0,0,1853
140,140,السيد مهيدي,2,Art,0,0,1853
141,141,الفرنس جميل شوريز,0,Health,0,0,1894
142,142,الفرنس منكنا,0,Health,0,0,1878
143,143,الفريد سمعان,0,Literature,0,0,1929
144,144,الفونس جميل شوريز,1,Literature,0,0,1897
145,145,الياس عبدالكريم,0,Education,0,0,1914
146,146,اليزه سليمان جبري,3,Government,0,0,1900
147,147,امجد المفتي,0,Education,0,0,1958
148,148,امجد توفيق,2,Education,0,1,1950
149,149,امجد عبدالرزاق احمد,0,Jurisdiction,0,0,1967
150,150,امجد عبدالمحسن الطالب,0,Government,0,1,1929
151,151,امجد محمد سعيد,0,Health,0,0,1947
152,152,امجد يحيى الحمداني,0,Education,0,0,1939
153,153,امري سليم,0,Government,0,0,1930
154,154,امل ايليا نجار,0,Art,0,0,1932
155,155,امين حسو,0,Education,0,0,1912
156,156,امين صبغهالله الحيدري,0,Government,0,0,1918
157,157,امين عبدالله اغا,5,Literature,0,0,1919
158,158,اندراوس حنا,1,Literature,0,0,1920
159,159,اندريوس ميرزا يوخنا,0,Education,0,0,1943
160,160,انمار التك,0,Health,0,0,1951
161,161,انور عبدالعزيز عبدالغفور,0,Government,0,0,1935
162,162,انور نعيم قصيره,0,Government,0,0,1934
163,163,انيس جميل عبدالكريم رسام,0,Education,0,0,1946
164,164,انيس نعمهالله,0,Education,0,0,1937
165,165,انيس وزير,0,Army,0,1,1908
166,166,اوغسطين مرمرجي,0,Education,0,0,1881
167,167,اياد صديق يحيى محمود الجادر,0,Education,0,0,1947
168,168,ايهاب احمد,1,Education,0,0,1957
169,169,ايوب حسن,0,Art,0,0,1957
170,170,ايوب صبري الخياط,10,Government,0,0,1902
171,171,cleanString,0,Health,0,0,1902
172,172,باسل جميل اسماعيل,0,Health,0,0,1948
173,173,باسل عبدالله الكلاوي,0,Education,0,0,1959
174,174,باسل كامل دلالي,1,Literature,1,0,1942
175,175,باسم حنا بطرس,0,Government,1,0,1934
176,176,باسم ذنون يونس,6,Government,0,0,1946
177,177,باسيل عكولا,0,Government,0,0,1932
178,178,باكزه فتحالله,0,Education,0,0,1930
179,179,بتول سليمان قاسم اغا,0,Education,0,0,1935
180,180,بدري فرج نعوم,0,Education,0,0,1931
181,181,بدور عبدالقادر رحيم,0,Health,0,0,1945
182,182,برهانالدين محمد سليمان المختار,0,Health,0,0,1922
183,183,برهان محمود احمد,0,Literature,0,0,1967
184,184,بسام ادريس الجلبي,7,Journalism,0,0,1941
185,185,بسمان فيصل محجوب,0,Education,0,0,1976
186,186,بشار عبدالغني محمد عبدالله العزاوي,0,Education,0,1,1967
187,187,بشار عبدالله,6,Health,0,0,1961
188,188,بشرى البستاني,0,Education,1,0,1946
189,189,بشرى قاسم الجليلي,0,Education,0,0,1931
190,190,بشير الدليمي,0,Education,0,1,1901
191,191,بشير الصقال,28,Education,0,0,1906
192,192,بشير الياس اللوس,1,Literature,0,0,1924
193,193,بشير حسن القطان,8,Education,0,0,1931
194,194,بشير حنا سرسم,0,Education,0,0,1892
195,195,بشير صفو,0,Education,0,0,1917
196,196,بشير طه,2,Art,0,0,1936
197,197,بشير عبد الاحد عجاج,0,Education,0,0,1913
198,198,بشير عبدالقادر القزاز,0,Literature,0,0,1919
199,199,بشير مصطفى,0,Education,0,1,1917
200,200,بشير يوسف فرنسيس,1,Jurisdiction,0,0,1909
201,201,بطرس سابا الخوري,0,Health,0,0,1893
202,202,بطرس عزيز الكلداني,0,Education,0,0,1861
203,203,بطرس نصري,1,Art,0,0,1861
204,204,بكر الالوسي,2,Health,0,0,1861
205,205,بكر عاصي فرحان المشهداني,0,Literature,1,0,1948
206,206,بلاوي فتحي,0,Literature,0,1,1969
207,207,بنيامين ميخا يوسف حداد,0,Art,0,0,1931
208,208,بهجت درسون,7,Health,0,0,1962
209,209,بهجت فيضالله النقيب,0,Education,0,0,1939
210,210,بهجت قليان,0,Government,0,0,1890
211,211,بهنام ابوالصوف,0,Education,0,0,1931
212,212,بهنام سعيد بهنام حبوش,0,Art,0,0,1921
213,213,بهنام سليم عبدالله حبابه,0,Education,0,0,1927
214,214,بهنام عطاالله,1,Education,0,0,1956
215,215,بهنام فضيل عفاص,5,Education,0,0,1934
216,216,بهنام وديع اوغسطين,0,Education,1,0,1935
217,217,بول نويا,0,Education,0,0,1925
218,218,بولص شيخو,0,Government,0,1,1906
219,219,cleanString,0,Health,0,0,1906
220,220,تحسين النجار,9,Business,0,1,1934
221,221,تماضر عبدالفتاح الجومرد,0,Education,0,0,1928
222,222,توفيق السمعاني,0,Journalism,0,1,1904
223,223,توفيق يونس سليم بك الفخري,5,Business,0,0,1942
224,224,توفيق سعيد الدملوجي,4,Education,1,0,1894
225,225,توفيق سلطان عبدالرحمن سلطان اليوزبكي,2,Education,0,0,1933
226,226,توفيق عزيز عبدالله سيد فتحي القزاز,0,Government,0,0,1970
227,227,توما اودو,0,Education,0,0,1855
228,228,توما جبرائيل هندو,0,Health,0,0,1910
229,229,توما قصير,1,Literature,0,0,1874
230,230,cleanString,0,Education,0,0,1874
231,231,ثابت حسن ثابت,0,Health,0,0,1928
232,232,ثابت سعيد وهب الغبشه,0,Health,0,0,1970
233,233,ثابت عبدالنور,2,Education,0,1,1890
234,234,ثابت ميخائيل,0,Literature,0,0,1963
235,235,ثامر داؤد نادر,0,Education,0,0,1941
236,236,ثامر معيوف,1,Literature,0,0,1953
237,237,cleanString,0,Education,0,0,1953
238,238,جارالله ايوب العلاف,2,Art,0,0,1950
239,239,جاسم الرصيف,0,Literature,0,0,1945
240,240,جاسم حيدر,5,Health,0,0,1988
241,241,جاسم محمد جرجيس,0,Education,0,0,1946
242,242,جاسم محمد حسن,0,Education,0,0,1951
243,243,جانيت حبيب توما,0,Health,1,0,1939
244,244,جبرائيل البنا,0,Jurisdiction,0,0,1901
245,245,جبرائيل برصوم عزيز,0,Health,0,0,1970
246,246,جبو داؤد ثابت,0,Education,0,0,1917
247,247,جرجيس بولص يوحنا,0,Religion,1,0,1938
248,248,جرجيس فتحالله,6,Jurisdiction,0,1,1921
249,249,جرجيس يوسف ساده,0,Education,0,0,1887
250,250,جزيل عبدالجبار الجومرد,1,Education,0,0,1974
251,251,جعفر الشيخ علي,0,Education,0,0,1953
252,252,جلال الحسيني,3,Art,0,0,1963
253,253,جلال ايوب صبري الخياط,3,Health,0,0,1934
254,254,جلال بشير سرسم,1,Education,0,1,1936
255,255,جلال جميل محمد حسن,2,Government,0,0,1953
256,256,جليل مطلوب,0,Education,0,0,1946
257,257,جمال ايوب صبري الخياط,0,Health,0,0,1927
258,258,جمال جميل,4,Government,0,1,1911
259,259,جمال شريف ملا عبد حسين,0,Health,0,0,1951
260,260,جمعه حجي كنجي,0,Education,0,1,1933
261,261,جميل الفخري,9,Government,0,1,1869
262,262,جميل المدفعي,56,Army,0,1,1890
263,263,جميل بشير,1,Health,0,0,1921
264,264,جميل ثابت,0,Religion,0,0,1921
265,265,جميل سعدالدين الخطيب,0,Education,0,0,1920
266,266,جنه عدنان احمد عزت,1,Education,0,0,1965
267,267,جنيد توفيق الفخري,2,Health,0,0,1946
268,268,جواد ذنون يونس اغا,0,Art,0,0,1959
269,269,جواد سليم,5,Art,0,0,1921
270,270,جودت حسيب,0,Government,0,0,1942
271,271,جورج توما اوسي,0,Literature,0,0,1946
272,272,جورج حيقاري,0,Health,1,0,1888
273,273,جورج رؤوف اللوس,0,Health,0,0,1918
274,274,جورج عيسى قلاب,0,Literature,0,0,1928
275,275,جورج يوسف شماني,0,Literature,1,0,1922
276,276,cleanString,0,Education,0,0,1922
277,277,حاتم حسامالدين,1,Literature,0,0,1970
278,278,حازم الاطرقجي,0,Health,0,0,1933
279,279,حازم البكري,1,Health,0,1,1925
280,280,حازم المفتي,3,Jurisdiction,0,1,1917
281,281,حازم باك,0,Health,0,0,1936
282,282,حازم بكر سليمان,0,Business,0,0,1930
283,283,حازم جياد,0,Health,0,0,1946
284,284,حازم حسن العلي,0,Health,0,0,1931
285,285,حازم حسن حسين العباسي,0,Education,0,0,1929
286,286,حازم حنا سمرجي,0,Education,0,0,1926
287,287,حازم ذنون يونس,0,Education,0,0,1927
288,288,حازم سعيد,2,Health,0,0,1924
289,289,حازم شاكر مصطفى النعمه,0,Education,0,0,1941
290,290,حازم عبدالله خضر,1,Education,0,1,1932
291,291,حازم عمر خليل,0,Education,0,0,1923
292,292,حازم فائق الدبوني,0,Government,0,0,1947
293,293,حازم فتحالله اللوس,0,Health,0,0,1949
294,294,حازم محمد توحله,0,Government,0,0,1924
295,295,حافظ الحافظ,0,Health,0,0,1935
296,296,حافظ طه الحافظ,0,Health,0,0,1967
297,297,حامد عبدالمجيد الراوي,8,Health,0,0,1901
298,298,حذيفه سعيد الديوه جي,0,Health,0,0,1943
299,299,حسام يعقوب,0,Government,0,1,1941
300,300,حسان يحيى حسين التمر,0,Education,0,0,1945
301,301,حسبالله يحيى,3,Literature,0,0,1944
302,302,حسن النجفي,2,Government,0,1,1926
303,303,حسن خيرالدين العمري,0,Education,0,0,1933
304,304,حسن زكريا,0,Government,0,1,1920
305,305,حسن سليمان حسين علي الجميلي,1,Health,0,0,1957
306,306,حسن طه حسن السنجاري,0,Health,0,0,1935
307,307,حسن علي الذنون,5,Jurisdiction,0,0,1911
308,308,حسن فاشل,2,Health,0,0,1945
309,309,حسن قاسم حبش,0,Health,1,0,1943
310,310,حسن كتاني,0,Health,0,0,1916
311,311,حسن مطلك,0,Health,0,0,1961
312,312,حسون عزيز حديد,0,Art,0,0,1959
313,313,حسيب الياس مجيد حديد,0,Health,0,1,1950
314,314,حسين الاعرج ,0,Art,0,0,1910
315,315,حسين الشكرجي,4,Art,0,0,1961
316,316,حسين توحلا,0,Health,0,0,1915
317,317,حسين سعيد زكريا,0,Jurisdiction,0,0,1926
318,318,حسين عبدالله ,4,Religion,1,0,1977
319,319,حسين علي الصفو ,1,Art,0,0,1911
320,320,حسين قاسم الفخري,5,Literature,1,1,1929
321,321,حسين محمد علي بكر,0,Education,0,0,1946
322,322,حكمت اسعد متيكا حنا,0,Education,0,0,1949
323,323,حكمت اسماعيل ياسين صالح الحمو,0,Education,0,0,1947
324,324,حكمت البكري,0,Health,0,0,1936
325,325,حكمت ذنون الكلو,1,Health,0,1,1942
326,326,حكمت صالح,1,Government,0,0,1945
327,327,حكمت عبدالله البزاز,0,Education,0,1,1932
328,328,حمد صالح,4,Health,0,0,1948
329,329,حميد عبدالوهاب حسن,0,Art,0,0,1969
330,330,حميد غزال ال كشموله,1,Jurisdiction,0,1,1949
331,331,حميد قاسم عبدو,0,Education,0,0,1946
332,332,حميد مجيد الشماع,0,Health,0,0,1928
333,333,حميد يوسف ابلحد,0,Education,0,0,1946
334,334,حنا بطرس,0,Health,0,0,1958
335,335,حنا حبش,0,Health,0,0,1820
336,336,حنا خياط,2,Health,0,0,1884
337,337,حنا رحماني,1,Health,0,0,1891
338,338,حنا رسام,0,Health,0,0,1890
339,339,حيدر محمود عبدالرزاق,1,Literature,0,1,1945
340,340,حيدر يونس,3,Art,0,0,1922
341,341,cleanString,0,Health,0,0,1922
342,342,خالد العسكري,0,Art,0,0,1935
343,343,خالد النقشبندي,0,Health,0,0,1937
344,344,خالد حسين,0,Health,0,0,1945
345,345,خالد سعيد دنو,0,Art,0,0,1940
346,346,خالد سليمان ابراهيم خليل,0,Education,0,0,1942
347,347,خالد صالح العسلي,1,Art,0,0,1936
348,348,خالد عبدالرحمن الملاح,0,Education,0,0,1935
349,349,خالد عبدالعزيز زكريا,0,Education,0,0,1964
350,350,خالد محمد علي,10,Health,0,0,1960
351,351,خالد محمود داؤد,0,Education,0,0,1967
352,352,خالد يونس اليامور,0,Health,0,0,1970
353,353,خالده محمد ملحم,0,Health,0,0,1930
354,354,خالده يحيى حسين الحسيني,0,Health,0,0,1940
355,355,خزعل الياس خضر,0,Education,0,0,1932
356,356,خزعل فتحي زيدان حسن البدراني,0,Health,0,0,1952
357,357,خضر العباسي,0,Religion,0,0,1928
358,358,خضر جرجيس,0,Health,0,0,1939
359,359,خليف محمود,0,Health,0,0,1954
360,360,خليل ابراهيم,1,Health,0,0,1972
361,361,خليل جميل,1,Religion,0,0,1909
362,362,خمه بوداغ يوخنا,0,Health,0,0,1950
363,363,خوله احمد فليح,0,Education,0,1,1968
364,364,خيرالدين العمري,2,Government,0,1,1890
365,365,خيرالدين حسيب,0,Literature,0,0,1926
366,366,خيرالدين سلطان,0,Literature,0,0,1967
367,367,خيرالدين عبداللطيف محمد الحاج مصطفى التوتنجي,0,Education,0,0,1915
368,368,خيرالدين محيالدين ذنون,0,Education,0,0,1962
369,369,خيري امين العمري,7,Jurisdiction,0,1,1926
370,370,cleanString,0,Education,0,0,1910
371,371,داؤد الصائغ,2,Jurisdiction,0,1,1907
372,372,داؤد الجلبي,19,Health,0,1,1879
373,373,داؤد الملاح ال زياده,6,Education,0,0,1863
374,374,داود رمو الشورجي,0,Education,0,1,1917
375,375,داود صليوا,1,Education,0,0,1852
376,376,دريد عبدالقادر نوري,3,Literature,0,0,1949
377,377,ديونوسيوس افرام نقاشه,0,Education,0,0,1850
378,378,cleanString,0,Art,1,0,1850
379,379,ذنون احمد الكواز,8,Business,0,0,1928
380,380,ذنون احميدي جاسم محمد الكحله,0,Education,0,0,1942
381,381,ذنون يونس الطائي,0,Health,0,0,1959
382,382,ذو النون الشهاب,17,Education,1,0,1920
383,383,ذو النون يونس مصطفى غزال الاطرقجي,14,Government,0,0,1939
384,384,cleanString,0,Education,0,0,1939
385,385,رافع الشواي,4,Literature,0,0,1958
386,386,رافع عبدالله مالو العبيدي,0,Health,0,0,1954
387,387,رافعه سعيد حسين السراج,0,Government,0,0,1974
388,388,راكان دبدوب,6,Art,0,0,1941
389,389,رباح علي خليل,0,Education,0,0,1987
390,390,ربيع محمد قاسم,0,Education,0,0,1970
391,391,رحاب حسين,3,Education,0,0,1998
392,392,رشديه سليم الجلبي,1,Jurisdiction,0,0,1915
393,393,رشيد الخطيب,11,Literature,0,0,1886
394,394,رشيد زكريا,0,Health,1,0,1908
395,395,رعد جبرائيل,0,Government,0,0,1961
396,396,رعد سالم حمودي,0,Health,0,0,1963
397,397,رعد عبدالجبار البكوع,0,Health,0,0,1946
398,398,رعد فاضل,0,Education,1,0,1957
399,399,رفائيل بطي,13,Journalism,0,1,1898
400,400,رمزي نوري عبدالله بهرام,2,Government,0,0,1950
401,401,رني بشير سرسم,0,Art,1,0,1923
402,402,رواء زكي يونس يحيى الطويل,0,Education,0,0,1975
403,403,روفائيل بابو اسحق,0,Literature,1,0,1951
404,404,روفائيل بيداويد,0,Health,0,0,1922
405,405,رياض حامد ذنون سلطان الدباغ,0,Health,0,0,1946
406,406,ريان توفيق,15,Education,0,0,1963
407,407,cleanString,0,Literature,0,0,1963
408,408,زكا عيواص,1,Art,0,0,1933
409,409,زكر سعيد,0,Education,0,0,1928
410,410,زكريا عبدالستار الحبال,0,Health,0,0,1947
411,411,زكريا عبدالقادر حمودي,8,Literature,1,0,1956
412,412,زكريا يوسف,0,Art,0,0,1911
413,413,زكريا يونس الحاج حامد,1,Health,0,0,1918
414,414,زكي ابراهيم حسن,12,Literature,0,0,1934
415,415,زكي احمد داود سليمان,0,Education,0,0,1946
416,416,زكي المختار,0,Government,0,0,1925
417,417,زكي حسن محمد الليله,0,Education,0,0,1932
418,418,زكي شعبان,1,Art,0,0,1932
419,419,زكي علي الداؤد,0,Education,0,0,1919
420,420,زكي يحيى الخيرو,0,Literature,0,0,1919
421,421,زكي يحيى الملاح,0,Jurisdiction,0,0,1932
422,422,زكيه الفخري,0,Education,0,0,1928
423,423,زهاء حديد,0,Education,0,0,1950
424,424,زهير ابراهيم رسام,0,Education,0,0,1939
425,425,زهير صالح داود جلميران,0,Government,0,0,1939
426,426,زهير عفاص,0,Art,0,0,1939
427,427,زهير غانم,0,Government,0,0,1950
428,428,زهير متي قصير,0,Art,0,0,1936
429,429,زهير مجيد القدو,0,Education,0,0,1948
430,430,زهير محمد احمد,0,Education,0,0,1949
431,431,زهير يحيى الخيرو,0,Art,0,0,1945
432,432,زينب عبدالقادر,0,Education,0,0,1930
433,433,cleanString,0,Education,1,0,1930
434,434,ساطع اسماعيل عبدالغني,0,Government,0,1,1949
435,435,ساطعه السليم,0,Health,0,0,1939
436,436,سالم احمد الحمداني,0,Education,1,0,1935
437,437,سالم احمد محل,0,Government,0,0,1967
438,438,سالم اسعد متيكا الخياط,0,Education,0,0,1946
439,439,سالم اسماعيل عبدالله الحسيني,0,Education,0,0,1940
440,440,سالم الجلبي,0,Health,0,0,1929
441,441,سالم الخباز,2,Education,0,0,1939
442,442,سالم الدباغ,1,Health,1,0,1926
443,443,سالم الدباغ,1,Education,1,0,1941
444,444,سالم الدملوجي,1,Education,0,0,1924
445,445,سالم الراوي,0,Education,0,0,1927
446,446,سالم العزاوي,1,Education,0,0,1944
447,447,سالم النجفي,1,Education,0,0,1939
448,448,سالم حامد طه,0,Government,0,0,1963
449,449,سالم خطاب عمر,0,Education,0,0,1932
450,450,سالم داود كرومي كصكوص,0,Government,0,0,1939
451,451,سالم سعيد عبدالله الصميدعي,0,Education,0,0,1921
452,452,سالم عبد الاحد زكر,0,Education,0,0,1924
453,453,سالم عبدالحميد قاسم,0,Education,0,0,1950
454,454,سالم عبدالرزاق,6,Education,1,1,1929
455,455,سالم عبدالعزيز النوري,0,Government,0,0,1923
456,456,سالم عبدالله خلف,0,Education,0,0,1943
457,457,سالم فتحي الصائغ,0,Government,0,0,1946
458,458,سالم قاسم الشعار,1,Jurisdiction,1,0,1919
459,459,سالم محمد الغلامي,0,Education,0,0,1931
460,460,سالم يحيى خضر القصاب,0,Education,0,0,1925
461,461,سالمه صالح,1,Literature,0,0,1961
462,462,سالمه محمد علي محمد الفتحي,0,Education,0,0,1930
463,463,سامي احمد الموصلي,0,Journalism,0,1,1945
464,464,سامي الجادر,3,Government,0,0,1941
465,465,سامي باشعالم,2,Government,0,1,1941
466,466,سامي طه الحافظ,4,Government,0,0,1933
467,467,سامي عبدالفتاح,0,Health,0,0,1905
468,468,سامي لالو,0,Art,0,0,1942
469,469,ساميه سليم الصباغ,0,Education,0,0,1919
470,470,ستار الشيخ,2,Government,0,0,1942
471,471,سرمد غانم صالح ال ياسين,0,Art,0,0,1949
472,472,البحوث والدراسات والاستشارات:,0,Health,0,0,1949
473,473,سطام الجبوري,0,Education,1,0,1969
474,474,سعاد سليم,1,Health,0,0,1918
475,475,سعد البزاز,2,Journalism,0,1,1949
476,476,سعدالدين خضر,0,Art,1,0,1937
477,477,سعدالله توفيق سليمان,0,Health,0,0,1946
478,478,سعدالله نجم عبدالله,0,Literature,0,1,1972
479,479,سعد سعيد احمد الديوه جي,0,Jurisdiction,1,0,1976
480,480,سعد عزالدين محمد المختار,0,Government,0,1,1969
481,481,سعد علي الجميل,7,Religion,0,0,1930
482,482,سعد علي الطعان,0,Religion,0,0,1945
483,483,سعدون جلود سليمان,0,Government,0,0,1967
484,484,سعدي يوسف داؤد المختار,0,Education,0,0,1935
485,485,سعديه سليم الصباغ,0,Education,0,0,1917
486,486,سعيد ابراهيم,1,Art,0,1,1920
487,487,سعيد الديوه جي,10,Health,0,0,1912
488,488,سعيد الصفار,0,Education,0,0,1896
489,489,سعيد ثابت,2,Education,0,0,1883
490,490,سعيد حامد الحاج سعيد,0,Education,0,0,1943
491,491,سعيد حامد الشربتي,1,Government,0,0,1912
492,492,سعيد خضر,0,Art,0,0,1912
493,493,سعيد شامايا,1,Health,0,1,1929
494,494,سعيد شيت محمد,3,Government,0,0,1940
495,495,سعيد فتحالله حاوا,0,Education,0,0,1910
496,496,سعيد قاسم محمد الطائي,1,Health,0,0,1928
497,497,سليم الفخري,23,Education,0,0,1920
498,498,سليم بطي,1,Health,0,0,1911
499,499,سليم جميل دلالي  م,0,Health,0,1,1995
500,500,سليم حسون,5,Art,0,0,1871
501,501,سليمان داؤد الفخري,0,Art,0,0,1924
502,502,سليمان صائغ,2,Government,0,0,1886
503,503,سليمان غزاله,2,Education,0,0,1853
504,504,سليمان فيضي,5,Government,0,0,1885
505,505,سمير احمد علي اللامي,2,Government,0,0,1972
506,506,سمير اسماعيل,2,Education,0,0,1948
507,507,سمير الحمداني,0,Education,0,0,1943
508,508,سمير عبدالرحيم الجلبي,0,Government,0,0,1940
509,509,سمير عبدالرحيم سعيد,0,Literature,0,0,1960
510,510,سمير عبدالله فتحي الصائغ,2,Education,0,1,1949
511,511,سمير عبدالوهاب خليل الصوفي,0,Government,0,0,1941
512,512,سمير كلو,1,Literature,0,0,1938
513,513,سناء طاهر محمد عثمان النفطجي,0,Education,0,0,1957
514,514,سهام عبدالمجيد راغب,0,Education,0,0,1940
515,515,سهام محمد فاضل الفخري,0,Education,0,0,1932
516,516,سهيل عبدالرحمن صالح,2,Health,1,0,1944
517,517,سهيل قاسم الجراح,0,Education,0,0,1941
518,518,سهيله الحسيني,3,Literature,0,0,1962
519,519,سيار كوكب علي الجميل,2,Health,0,0,1952
520,520,سيرانوش الريحاني,0,Health,0,0,1920
521,521,سيفالدين سعيد ال يحيى,9,Health,0,0,1917
522,522,cleanString,0,Literature,1,0,1917
523,523,شاذل طاقه,4,Government,0,0,1929
524,524,شاكر السكري,0,Literature,0,0,1971
525,525,شاكر محمود عبدالقادر,0,Education,0,0,1942
526,526,شامل مجيد شهاب الشاكر,0,Education,0,0,1955
527,527,شاهين علي ظاهر,0,Art,0,0,1954
528,528,شريف صالح قاسم النعيمي,0,Health,0,0,1922
529,529,شعيب احمد سليمان الحمداني,0,Art,0,0,1937
530,530,شفاء العمري,7,Art,0,0,1939
531,531,شفيق الجليلي,0,Sport,0,0,1907
532,532,شكر الموصلي ,0,Art,0,0,1908
533,533,شكري محمود نديم,1,Education,0,0,1919
534,534,شليمون ال مطران,0,Health,0,0,1902
535,535,شموئيل جميل,0,Art,1,0,1847
536,536,شيت العواد,0,Art,0,0,1847
537,537,شيت نعمان,0,Education,1,0,1907
538,538,cleanString,0,Education,0,0,1907
539,539,صابر عبدالمجيد الاطرقجي,0,Education,0,0,1924
540,540,صابر غالب العمري,0,Jurisdiction,0,0,1924
541,541,صاحب حداد,5,Health,0,0,1933
542,542,صادق احمد,0,Education,0,0,1915
543,543,صادق بهاءالدين,0,Education,0,0,1918
544,544,صالح احمد العلي,0,Government,0,0,1918
545,545,صالح الجهادي,2,Health,0,0,1918
546,546,صالح الحاج احمد المتيوتي,2,Art,0,0,1918
547,547,صالح راشد رشيد الحدبائي,0,Literature,0,0,1922
548,548,صالح شيخو عبدالجبار يونس العبدلي,0,Education,0,0,1950
549,549,صالح محمد عبدالله العبيدي,0,Education,0,1,1970
550,550,صباح الدباغ,0,Health,0,0,1949
551,551,صباح سعيد رزوقي,0,Literature,0,0,1941
552,552,صباح محمد جميل ملا علي,0,Education,0,0,1966
553,553,صباح مصطفى حسن,0,Art,0,0,1937
554,554,صبحي احمد الكمنجاتي ,1,Art,0,0,1968
555,555,صبحي حسين خلف,0,Health,0,0,1967
556,556,صبحي صبري,8,Art,0,0,1950
557,557,صبري ميخائيل فروحه,0,Education,1,1,1928
558,558,صبريه عبدالرحمن صالح النعيمي,0,Education,0,0,1925
559,559,صبيح نعامه,1,Education,0,0,1913
560,560,صديق احمد عاشور,1,Education,0,0,1915
561,561,صديق الخشاب,0,Health,0,0,1937
562,562,صديق الدملوجي,3,Education,0,0,1880
563,563,صديق الياس,0,Education,0,0,1928
564,564,صديق سعيد نقاش,0,Government,0,0,1928
565,565,صديق عبدالعزيز عقراوي,0,Education,0,0,1932
566,566,صديق محمد علي الخليفه,0,Education,0,0,1914
567,567,صفيه الدبوني,1,Government,1,0,1967
568,568,صلاحالدين الصباغ,0,Literature,1,0,1899
569,569,صلاحالدين عبدالعزيز النوري,0,Health,0,0,1922
570,570,صلاحالدين عزيز,8,Education,1,1,1934
571,571,صلاحالدين محمد علي ال قبع,0,Health,0,0,1937
572,572,صلاح تحسين علي ,1,Education,0,0,1991
573,573,صلاح حردان,2,Sport,0,0,1943
574,574,صلاح سليم علي,0,Government,0,0,1982
575,575,صموئيل جبوري بيثون,0,Education,0,0,1903
576,576,صميم احمد الدباغ,0,Health,0,0,1954
577,577,cleanString,0,Literature,0,0,1954
578,578,ضرار القّدو,21,Art,0,0,1935
579,579,ضياءالدين يونس,3,Government,0,0,1835
580,580,ضياء جبر الليله,0,Health,0,0,1957
581,581,ضياء شيت خطاب,0,Literature,0,0,1920
582,582,cleanString,0,Art,0,0,1920
583,583,طارق ظاهر الحاصود,0,Health,1,0,1969
584,584,طارق فضل محمد عبدالله,0,Education,0,0,1938
585,585,طارق حسن مصطفى عمادي,0,Education,0,0,1937
586,586,طارق حسين محمد الحجيه,0,Sport,0,0,1966
587,587,طارق صالح الزبيدي,0,Health,0,0,1940
588,588,طارق صالح عباوي,0,Government,0,0,1965
589,589,طارق علي شريف,0,Literature,0,0,1967
590,590,طارق فاضل جارو السنجري,2,Education,0,0,1943
591,591,طارق قصاب باشي,0,Health,0,0,1937
592,592,طارق محمود ال يعقوب,0,Art,0,0,1946
593,593,طارق يوسف خمركو,0,Health,0,0,1954
594,594,طاهر قاسم عبدالرحمن الدباغ,0,Health,0,0,1937
595,595,طلال ابراهيم عبدالرحمن سليم القزاز,0,Jurisdiction,0,0,1940
596,596,طلال حسن,2,Literature,0,0,1939
597,597,طلال صفاوي,0,Art,0,0,1941
598,598,طلال عبدالرحمن,4,Education,1,0,1952
599,599,طلال عبدالمجيد,8,Education,0,0,1942
600,600,طلال عيسى,0,Health,0,0,1947
601,601,طلال يحيى ابراهيم الطوبجي,0,Government,0,0,1960
602,602,طلعت رشاد الياور,0,Education,0,0,1932
603,603,طليع ذنون جاسم,0,Education,0,0,1936
604,604,طه الحاج الياس,0,Education,0,0,1923
605,605,طه محمود حسين شلاوي,0,Jurisdiction,0,0,1954
606,606,cleanString,0,Education,0,0,1954
607,607,عابد توفيق زين العابدين الهاشمي,0,Education,0,0,1928
608,608,عادل البكري,2,Literature,0,0,1930
609,609,عادل الحيالي,0,Art,0,0,1937
610,610,عادل خضر حسين,0,Education,0,0,1964
611,611,عادل سعيد,0,Government,0,0,1950
612,612,عادل شيت الشكرجي,0,Art,0,0,1941
613,613,عادل غسان يوسف نعوم,0,Health,0,0,1937
614,614,عادل نجم عبو,0,Government,0,0,1941
615,615,عاصم اسماعيل الياس,0,Art,0,0,1968
616,616,عاصم القزاز,0,Health,0,0,1938
617,617,عاصم حافظ,3,Education,0,0,1886
618,618,عاصمعبد الكريم عزوز ملاحظه,0,Government,0,0,1948
619,619,عاصم محمد يحيى الجلبي,0,Health,0,0,1945
620,620,عامر باهر اسمير حسن الحيالي,0,Art,0,0,1950
621,621,عامر احمد سامي الدبوني,0,Education,0,1,1953
622,622,عامر حمدي نادر,0,Education,0,0,1935
623,623,عامر سليمان,4,Art,0,0,1936
624,624,عامر عبدالفتاح الجومرد,0,Art,1,0,1961
625,625,عامر يونس خطاب,2,Education,0,0,1961
626,626,عباس بلال عباس,0,Art,0,0,1919
627,627,عبدالاله احمد الجوادي,0,Art,0,0,1935
628,628,عبدالاله احمد عبد الموجود,0,Health,0,0,1930
629,629,عبدالاله الديوه جي,1,Health,0,0,1940
630,630,عبدالاله حافظ,1,Government,0,1,1890
631,631,عبدالاله حسن,1,Literature,0,0,1951
632,632,عبدالاله رؤوف عبدالعزيز الجلبي,0,Literature,0,0,1940
633,633,عبدالاله محمد,0,Government,0,0,1940
634,634,عبدالاله يوسف مصطفى الخشاب,0,Art,0,0,1940
635,635,عبد الباري النجم,0,Health,0,0,1938
636,636,عبد الباري عبدالعزيز الطالب,1,Government,0,0,1930
637,637,عبدالباسط يونس,16,Literature,1,0,1928
638,638,عبدالبر رشيد الجليلي,0,Government,0,0,1959
639,639,عبدالتواب احمد سعيد,0,Art,0,0,1945
640,640,عبدالجبار الجومرد,3,Literature,0,0,1909
641,641,عبدالجبار الحبيطي,0,Health,0,0,1950
642,642,عبدالجبار حسن,1,Education,0,0,1937
643,643,عبدالجبار شهاب احمد البرهاوي,0,Education,0,0,1963
644,644,عبدالجبار عبدالله فتحي حاحا,2,Government,0,0,1953
645,645,عبدالجبار محمد جرجيس,0,Education,0,1,1942
646,646,عبدالجبار محمود,0,Education,1,0,1911
647,647,عبدالحق عبدالمجيد السبعاوي,0,Education,0,0,1954
648,648,عبدالحق فاضل,12,Health,0,0,1911
649,649,عبدالحليم اللاوند,16,Education,0,0,1934
650,650,عبدالحميد التحافي,0,Government,0,0,1933
651,651,عبدالحميد الحيالي,1,Health,0,0,1939
652,652,عبدالحميد الكيلاني,4,Government,0,0,1892
653,653,عبدالحميد خضر حسين,0,Art,0,0,1933
654,654,عبدالحميد عبدالمجيد,0,Health,0,0,1893
655,655,عبدالحميد عبدالمجيد راغب,0,Art,0,0,1935
656,656,عبدالحميد محمد الافتيحات,0,Education,0,0,1938
657,657,عبدالخالق اسماعيل طه,0,Literature,0,0,1961
658,658,عبدالخالق خليل الدباغ,0,Government,1,0,1908
659,659,عبدالخالق رشيد الملاح,0,Health,0,0,1938
660,660,عبدالخالق رشيد عبدال,0,Health,0,0,1943
661,661,عبدالخالق طه الشعار,15,Education,0,0,1920
662,662,عبدالرحمن الجليلي,7,Education,0,0,1914
663,663,عبدالرحمن الحسو,0,Health,0,0,1940
664,664,عبدالرحمن توتونجي,0,Art,0,0,1914
665,665,عبدالرحمن صالح,13,Art,0,0,1895
666,666,عبدالرحمن عبدالنافع احمد عبدالفتاح,0,Government,0,0,1956
667,667,عبدالرحمن مزوري,0,Literature,0,0,1946
668,668,عبدالرزاق الشماع,0,Health,0,0,1917
669,669,عبدالرزاق عبدالقادر ال كداوي,20,Education,1,0,1926
670,670,عبدالرزاق قاسم الجليلي,0,Art,0,0,1921
671,671,عبدالرزاق مجيد الشماع,0,Health,0,0,1930
672,672,عبدالرزاق نوري الفخري,0,Health,0,1,1982
673,673,عبدالستار الشهرب,1,Government,0,0,1982
674,674,عبدالستار العاصي,0,Art,0,1,1971
675,675,عبدالستار سليمان ابراهيم,0,Health,0,0,1922
676,676,عبدالستار عبدالباقي,0,Health,0,0,1932
677,677,عبدالستار عبدالقادر عبدالرحمن,0,Education,0,0,1933
678,678,عبدالستار عبدالله صالح عبدالله,0,Education,0,0,1945
679,679,عبدالستار يونس الدباغ,0,Education,1,0,1965
680,680,عبدالسلام حلوه,0,Health,0,0,1944
681,681,عبدالسلام عبدالهادي,0,Education,0,1,1931
682,682,عبدالعزيز توفيق,0,Literature,0,0,1921
683,683,عبدالعزيز سعدالله احمد,0,Education,0,0,1973
684,684,عبدالعزيز الجادرجي,22,Literature,0,0,1904
685,685,عبدالعزيز العقيلي,12,Literature,0,0,1919
686,686,عبدالعزيز عبدالله,0,Government,0,0,1941
687,687,عبدالعزيز مجيد علي الطالب,0,Education,0,0,1924
688,688,عبدالعزيز الوتاري,0,Government,0,0,1928
689,689,عبدالعزيز ياسين عبدالله,1,Education,0,0,1949
690,690,عبدالغفار عبدالقادر عبدالباقي الصائغ,11,Art,1,0,1933
691,691,عبدالغفار مالالله الجبوري,0,Art,0,0,1939
692,692,عبدالغفور مالالله عبدالرزاق حيدر الحرباوي,0,Health,0,0,1952
693,693,عبدالغني الجوالي,0,Literature,0,0,1944
694,694,عبدالغني الحسيني,0,Art,0,0,1930
695,695,عبدالغني الملاح,4,Literature,0,0,1920
696,696,عبدالغني النقيب,0,Government,0,0,1935
697,697,عبدالفتاح الجومرد,8,Art,0,0,1902
698,698,عبدالفتاح الملاح,0,Health,0,0,1915
699,699,عبدالفتاح مرعي,0,Literature,0,0,1923
700,700,عبدالقادر الدبوني,3,Jurisdiction,0,1,1927
701,701,عبدالقادر جميل,0,Education,1,0,1907
702,702,عبدالقادر حامد عبدالرحمن,0,Education,0,0,1931
703,703,عبدالقادر زينل,2,Education,0,0,1931
704,704,عبدالقادر طه,1,Education,0,1,1918
705,705,عبدالقادر عبدالله عبدالقادر القزاز,0,Art,0,0,1934
706,706,عبدالقادر ياسين,8,Health,0,0,1932
707,707,عبدالقادر يوسف الخليل,0,Education,0,0,1945
708,708,عبدالكريم حسين,0,Health,0,0,1971
709,709,عبدالكريم سيفو,0,Education,0,0,1953
710,710,عبدالكريم النجار,0,Education,0,0,1953
711,711,عبدالكريم يونس العلاف,0,Health,0,0,1958
712,712,عبدالكريم يونس كريم الكيلاني,0,Literature,0,0,1969
713,713,عبداللطيف خليل خضر الصوفي,5,Art,0,0,1932
714,714,عبداللطيف عبدالله الحسو,0,Art,0,0,1968
715,715,عبدالله ابراهيم سرسم,0,Health,0,0,1917
716,716,عبدالله احمد الجلبي,1,Literature,0,0,1850
717,717,عبدالله احمد المدرس,0,Education,0,0,1917
718,718,عبدالله احمد ظاهر البدراني,0,Education,0,0,1960
719,719,عبدالله الحسو,6,Government,1,0,1890
720,720,عبدالله الدملوجي,3,Education,0,1,1890
721,721,عبدالله الشبخون,2,Literature,0,0,1963
722,722,عبدالله الكركوكلي الموصلي,1,Education,0,0,1902
723,723,عبدالله المكي,0,Health,1,1,1902
724,724,عبدالله امين اغا,1,Jurisdiction,0,0,1944
725,725,عبدالله امين الجليلي,0,Jurisdiction,0,0,1960
726,726,عبدالله حسن الجبوري,0,Health,0,0,1960
727,727,عبدالله فاضل العمري,0,Literature,0,0,1934
728,728,عبدالله فتحي الظاهر المشهداني,0,Education,0,0,1950
729,729,عبدالله قاسم يحيى الفخري,1,Literature,0,0,1943
730,730,عبدالله قصير,3,Health,0,0,1887
731,731,عبدالله محمد جرجيس النعمه,55,Religion,1,0,1871
732,732,عبدالله محمد علي الطائي,0,Art,1,0,1918
733,733,عبدالله محمد علي القليجي,0,Education,1,0,1927
734,734,عبدالله محيالدين النوري,0,Education,1,0,1905
735,735,عبدالماجود احمد السلمان,0,Literature,0,0,1942
736,736,عبدالمالك الفخري,3,Literature,0,0,1934
737,737,عبدالمالك ذنون,0,Art,0,0,1948
738,738,عبدالمالك عبدالعزيز الطالب,0,Health,0,0,1928
739,739,عبدالمجيد الخطيب,62,Education,0,0,1912
740,740,عبدالمجيد المتولي,0,Art,0,0,1917
741,741,عبدالمجيد النافوسي,0,Education,0,0,1927
742,742,عبدالمجيد حسن ولي,0,Health,0,0,1905
743,743,عبدالمجيد حميد التحافي,0,Art,0,0,1925
744,744,عبدالمجيد شوقي البكري,18,Education,1,0,1897
745,745,عبدالمحسن القاضلي,0,Religion,0,0,1931
746,746,عبدالمحسن عبدالعزيز محمد علي توحلا,0,Health,0,0,1917
747,747,عبدالمحسن عقراوي,9,Art,0,0,1938
748,748,عبدالمحسن فخرالدين,0,Health,0,0,1937
749,749,عبدالمسيح بلايا,0,Health,0,0,1955
750,750,عبدالمسيح وزير,0,Literature,1,0,1972
751,751,عبدالمطلب سيد محمد سيد علي الاعرجي,18,Literature,0,0,1945
752,752,عبدالملك بدري النوري,0,Education,1,0,1932
753,753,عبدالمنعم الغلامي,9,Education,1,1,1899
754,754,عبدالمنعم الليله,0,Health,0,0,1944
755,755,عبدالمنعم حميد محمد الزبيدي,0,Literature,0,0,1987
756,756,عبدالمنعم رشاد,2,Education,0,0,1932
757,757,عبدالمنعم عبدالحميد عبدالباقي,0,Health,0,0,1928
758,758,عبدالمنعم عبدالمجيد,0,Health,0,0,1940
759,759,عبدالمنعم علي حسن الامير,0,Religion,0,0,1970
760,760,عبدالمنعم يحيى علي حسين الشهواني,0,Art,1,0,1946
761,761,عبدالنافع الدباغ,0,Health,0,0,1924
762,762,عبدالنافع عبد الموجود,0,Art,0,0,1947
763,763,عبدالنافع محمد حسين,0,Art,1,0,1932
764,764,عبدالهادي اسماعيل,0,Literature,0,0,1910
765,765,عبدالهادي الباجه جي,0,Art,0,0,1862
766,766,عبدالهادي رؤوف,0,Education,0,0,1912
767,767,عبدالهادي صالح,0,Health,0,0,1943
768,768,عبدالهادي يحيى محمد الصائغ,0,Education,0,0,1942
769,769,عبدالواحد اسماعيل,28,Art,0,0,1959
770,770,عبدالواحد حداد,3,Education,0,0,1959
771,771,عبدالواحد ذنون طه عبدالله الطه,2,Literature,0,0,1943
772,772,عبدالواحد لؤلؤه,4,Health,0,0,1930
773,773,عبدالوهاب اسماعيل,1,Education,0,0,1945
774,774,عبدالوهاب الجلبي,0,Health,0,0,1930
775,775,عبدالوهاب النعيمي,11,Literature,0,0,1944
776,776,عبدالوهاب خليل الدباغ,3,Education,0,0,1956
777,777,عبدالوهاب عبدالمجيد حديد,0,Health,0,0,1944
778,778,عبدالوهاب محمد علي,1,Literature,1,0,1939
779,779,عبدالوهاب محمد علي العدواني,4,Education,0,0,1943
780,780,عبدالوهاب محمد نوري الفخري,4,Education,0,0,1929
781,781,عبدالوهاب نجم عبدالله العكيدي,0,Education,0,0,1926
782,782,عبدالوهاب يونس العلاف,0,Health,0,0,1957
783,783,عبد حسين,0,Education,1,0,1932
784,784,عبو المحمد علي,3,Government,0,0,1862
785,785,عبود عبدالله بكر,2,Health,0,0,1949
786,786,عثمان احمد الجليلي,0,Education,0,0,1968
787,787,عثمان الجبوري,10,Religion,1,0,1909
788,788,عثمان الديوه جي,2,Education,0,0,1868
789,789,عثمان الموصلي,22,Education,0,0,1854
790,790,عثمان النقشبندي,0,Health,0,0,1854
791,791,عجيب علي محو,0,Health,0,0,1941
792,792,عجيل الياور,0,Art,1,0,1941
793,793,عدنان الراوي,3,Art,0,0,1925
794,794,عدنان حسين العباس,0,Health,0,0,1930
795,795,عدنان خالد,0,Education,0,0,1951
796,796,عدنان عبدالمجيد,0,Art,0,0,1958
797,797,عدنان ناهض مطلوب,0,Literature,0,0,1963
798,798,عزالدين ذنون,25,Government,0,0,1930
799,799,عزالدين سلطان محمد,0,Health,0,0,1969
800,800,عزالدين العبيدي,0,Education,0,0,1921
801,801,عزالدين محمد سليمان المختار,0,Education,0,0,1912
802,802,عزام البزاز,0,Art,0,0,1946
803,803,عزيز ادريس,0,Education,0,0,1972
804,804,عزيز الخياط,25,Literature,0,0,1887
805,805,عزيز السناطي,1,Government,0,0,1956
806,806,عزيز القصاب,0,Education,0,1,1912
807,807,عزيز جاسم الحافظ,0,Health,0,0,1910
808,808,عزيز خدوج ,0,Government,0,0,1927
809,809,عزيز عقراوي,0,Education,0,0,1925
810,810,عزيز يعقوب اغا,0,Education,0,0,1885
811,811,عصام جرجيس سلومي,0,Literature,0,1,1969
812,812,عصام حبيب محمد سعيد الفخري,0,Education,0,0,1960
813,813,عصام سعدون سلطان,0,Education,0,0,1936
814,814,عصام عبدالرحمن,1,Literature,1,0,1943
815,815,عصام عبد يحيى رحو الخفاف,0,Health,0,0,1957
816,816,عصام محمد محمود,1,Literature,0,0,1945
817,817,عصام محمود صلاحالدين الخطيب,0,Literature,0,0,1930
818,818,عصام ناصر الساعور,0,Education,0,0,1940
819,819,عطا محمد علي الجماس,0,Health,0,0,1930
820,820,عفه سليمان قاسم اغا,0,Art,0,0,1935
821,821,عفيفه اسكندر,23,Government,0,0,1936
822,822,علاء عبدالله,5,Art,0,0,1942
823,823,علو خضر,24,Education,0,0,1947
824,824,علي التلعفري,0,Art,1,0,1936
825,825,علي الجميل,4,Literature,0,0,1889
826,826,علي جودت الايوبي,31,Literature,0,0,1885
827,827,علي شمالي,7,Health,0,0,1915
828,828,علي عبدالغني الطالب,0,Education,0,0,1973
829,829,علي عبدالمحسن نوري,0,Sport,0,0,1966
830,830,علي عزيز علي,0,Education,0,0,1959
831,831,علي غزال عفاص,0,Art,0,0,1940
832,832,علي قاسم الجمعه,0,Education,0,0,1928
833,833,علي كمالالدين محمد الفهادي,0,Health,0,0,1950
834,834,عمادالدين خليل,2,Education,0,0,1941
835,835,عماد عبدالسلام رؤوف,2,Education,0,0,1948
836,836,عماد عبد يحيى الخفاف,0,Literature,0,0,1953
837,837,عماد هاشم,0,Health,0,0,1954
838,838,عمار احمد عبدالباقي الصفار,9,Education,0,0,1963
839,839,عمار عبدالغني محمد النعيمي,5,Government,0,0,1954
840,840,عمانوئيل بنق الدومنيكي,17,Education,0,0,1933
841,841,عمر حماد هلال,3,Literature,0,0,1964
842,842,عمر فاروق سليم الدملوجي,1,Art,0,0,2000
843,843,عمر محمد مصطفى الطالب,0,Literature,0,0,1932
844,844,عمر محمود عبدالله,0,Education,0,0,1941
845,845,عمر محمود هلال عناز البدراني,0,Education,0,0,1976
846,846,عوني محمد يحيى الفخري,8,Education,0,0,1924
847,847,عوني كرومي,0,Art,0,0,1945
848,848,عيسى حنا,1,Art,0,0,1919
849,849,عيسى رسام,0,Health,0,0,1906
850,850,عيسى سرسم,0,Health,0,0,1921
851,851,عيسى عبدالله الجرجيس,0,Health,0,0,1951
852,852,cleanString,0,Literature,0,0,1951
853,853,غازي ذنون محمد,0,Art,0,0,1963
854,854,غازي رجب محمد,1,Literature,0,0,1934
855,855,غازي عجيل الياور,1,Art,0,0,1960
856,856,غازي عزيز محمود الصواف,0,Literature,0,1,1956
857,857,غانم احمد عفان الصواف,0,Health,0,0,1945
858,858,غانم البجاري,0,Education,0,0,1948
859,859,غانم الدباغ,7,Health,0,0,1923
860,860,غانم الغلامي,0,Health,0,0,1929
861,861,غانم حمدون جاسم محمد,0,Education,0,0,1938
862,862,غانم حمودات,0,Art,0,0,1929
863,863,غانم سعيد حسن الطائي,0,Education,0,0,1946
864,864,غانم سعيد عبدالله الصميدعي,0,Education,0,0,1929
865,865,غانم محمد احمد,0,Education,0,0,1941
866,866,غانم محمد احمد الاطرقجي,0,Health,0,0,1935
867,867,غانم محمد احمد الحيو,2,Government,1,0,1942
868,868,غانم محمد الحفو,0,Literature,0,0,1946
869,869,غانم محمد العبدالله,0,Literature,0,0,1916
870,870,غانم محمد توفيق,0,Health,0,0,1939
871,871,غانم يحيى,0,Literature,0,0,1940
872,872,غانم يونس الشيخ,0,Education,0,0,1947
873,873,غربي الحاج احمد,26,Literature,0,0,1924
874,874,غريغوريوس بولص بهنام,13,Education,0,0,1914
875,875,غريغوريوس صليبيا شمعون اسحق,0,Education,0,0,1932
876,876,غياثالدين النقشبندي ,0,Government,1,0,1908
877,877,cleanString,0,Education,0,0,1930
878,878,فؤاد بطي,0,Education,0,0,1939
879,879,فؤاد سفر,4,Art,0,0,1912
880,880,فؤاد ميخائيل,0,Education,0,0,1953
881,881,فؤاد يوسف قزانجي,0,Art,0,0,1935
882,882,فائز نعوم باك,0,Literature,0,0,1951
883,883,فائزه قاسم يحيى صالح النعيمي,0,Literature,0,0,1947
884,884,فائق الدبوني,2,Government,0,0,1889
885,885,فائق شاكر,1,Health,0,0,1891
886,886,فاتح عبدالسلام,6,Health,0,0,1982
887,887,فارس الغلب,6,Education,0,0,2000
888,888,فارس شلاش,0,Government,0,0,1961
889,889,فارس عبدالله بدر الرحاوي,0,Art,0,0,1954
890,890,فارس علي,0,Art,0,0,1954
891,891,فارس يونس بشير,1,Health,0,0,1946
892,892,فاروق الدملوجي,0,Religion,0,0,1881
893,893,فاروق ذنون يحيى,0,Education,0,0,1947
894,894,فاروق صنعالله العمري,0,Government,0,0,1960
895,895,فاروق عمر فوزي,1,Education,0,0,1938
896,896,فاروق محمد هاشم العمري,0,Education,1,0,1931
897,897,فاروق يوسف حبي,0,Education,0,0,1938
898,898,فاضل الصيدلي,8,Health,0,0,1882
899,899,فاضل زكي محمد,0,Education,0,0,1925
900,900,فاضل محمد جابر,3,Health,0,0,1925
901,901,فاضله محمد علي محمد الفتحي,0,Government,0,0,1932
902,902,فتحالله عزيزه,0,Government,0,0,1931
903,903,فتحالله عقراوي,0,Health,1,0,1903
904,904,فتحي احمد عبيد,0,Art,0,0,1974
905,905,فتحي حسين علي,1,Health,0,0,1926
906,906,فتحي عبدالله,3,Education,0,0,1938
907,907,فخرالدين العبيدي,0,Art,1,0,1905
908,908,فخري الدباغ,0,Health,0,0,1929
909,909,فخري الفخري,4,Health,0,0,1908
910,910,فخري خليل,0,Literature,0,0,1931
911,911,فخري يحيى الخيرو,1,Education,0,0,1924
912,912,فرح وجنه عدنان احمد عزت,4,Art,1,0,1962
913,913,فرنسيس بهنام بدريه,0,Education,0,0,1910
914,914,فريال اسحق,0,Education,0,0,1942
915,915,فريد حامد الشبلي,0,Literature,0,0,1942
916,916,فضيله خليل,0,Literature,0,0,1927
917,917,فكري بشير,0,Health,0,0,1938
918,918,فلاح عبد حمدون النداوي,9,Religion,0,0,1966
919,919,فواز جارالله نايف,0,Education,0,0,1970
920,920,فوزي اسماعيل,3,Health,0,0,1935
921,921,فوزيه اسماعيل الكتبي,0,Health,0,0,1928
922,922,فيصل احمد جرجيس كشموله,0,Education,0,0,1949
923,923,فيصل القصيري,1,Education,0,0,1957
924,924,فيصل خليل محمد,0,Health,0,0,1933
925,925,فيصل دبدوب,15,Health,1,0,1919
926,926,فيضي الفيضي,8,Government,0,0,1963
927,927,cleanString,0,Health,0,0,1963
928,928,قاسم احمد تقي العريبي,0,Health,0,0,1936
929,929,قاسم الشعار ,3,Education,0,0,1955
930,930,قاسم محمد علي,4,Education,0,1,1916
931,931,قاسم يحيى العارف,0,Education,0,0,1925
932,932,قبيس سعيد الفهادي,0,Government,0,0,1947
933,933,قحطان احمد سليمان الحمداني,0,Health,1,0,1939
934,934,قحطان المدفعي,1,Health,0,0,1927
935,935,قحطان محجوب,0,Literature,0,0,1940
936,936,قدامه عبدالله الملاح,1,Art,0,0,1949
937,937,قرياقوس مخنوت,0,Health,0,0,1872
938,938,قصي حسين علي ال فرج,1,Health,0,0,1946
939,939,قصي عبدالقادر الجلبي,0,Health,0,0,1967
940,940,قيدار اسماعيل الجليلي,0,Health,0,0,1967
941,941,قيس ابراهيم,0,Education,0,0,1956
942,942,قيس عبدالله محمد الحافظ,0,Literature,0,0,1942
943,943,قيس محمد صبري الوتار,0,Health,0,0,1947
944,944,cleanString,0,Government,0,0,1947
945,945,كاظم الساهر,7,Literature,0,0,1947
946,946,كامل ادهم الدباغ,0,Art,0,0,1925
947,947,كامل قزانجي,0,Health,0,0,1907
948,948,كتبيه محمد علي,0,Health,0,0,1929
949,949,كراكين وارتانيان,0,Education,1,0,1922
950,950,كرم الاعرجي,0,Education,0,0,1960
951,951,كريكور استراجيان,0,Education,0,0,1880
952,952,كريم بركات,7,Education,0,0,1880
953,953,كليمانتين ثابت,0,Health,0,0,1930
954,954,كمال احمد خضر,0,Art,0,0,1938
955,955,كمال صدقي,0,Government,0,0,1905
956,956,كمال يونس شريف,0,Health,0,0,1928
957,957,كنعان عبدالرحمن القيسي,0,Education,0,0,1945
958,958,كنعان وصفي,2,Education,0,0,1963
959,959,كوركيس عواد,14,Health,0,0,1908
960,960,كوركيس كرمو,2,Health,0,0,1921
961,961,cleanString,0,Health,0,0,1921
962,962,لازم حازم,0,Education,0,0,1952
963,963,لازم زيدان محمود,0,Education,0,0,1942
964,964,لبيد ابراهيم احمد العبيدي,0,Health,0,0,1937
965,965,لطفي الخوري,0,Education,1,0,1923
966,966,لطيفه فتحي الياس الجراح,0,Government,0,0,1934
967,967,لقمان ابراهيم عبدالرحمن القزاز,0,Education,1,0,1936
968,968,لقمان الشيخ,0,Education,0,0,1934
969,969,لوثر ايشو,0,Education,1,0,1955
970,970,لويس ابراهيم رحماني,2,Art,0,0,1849
971,971,ليث خليل اسماعيل,0,Education,0,0,1958
972,972,ليث عبدالعزيز مصطفى قلندر,0,Health,1,0,1968
973,973,ليث عقراوي,0,Health,0,0,1957
974,974,ليلى عبدالله سعيد,0,Government,0,0,1971
975,975,ليلى مراد,25,Government,0,0,1915
976,976,cleanString,0,Art,0,0,1885
977,977,مؤيد اليوزبكي,1,Literature,0,1,1952
978,978,مؤيد بهاءالدين,0,Art,0,0,1937
979,979,مؤيد سعدالله شيت,0,Education,0,0,1942
980,980,مؤيد سعيد السالم,0,Education,0,0,1946
981,981,مؤيد عبدالعزيز عبدالباقي النوري,0,Education,1,0,1932
982,982,مؤيد عبدالقادر زكريا,0,Health,0,0,1930
983,983,مؤيد قاسم ياسين العبايجي,1,Education,0,0,1970
984,984,مؤيد ياسين عبدالحافظ شنداله,0,Education,0,0,1934
985,985,مؤيد يحيى الفارس,0,Government,0,0,1933
986,986,مؤيد يونس الطائي,0,Health,0,0,1948
987,987,ماجد بشير الاسود,0,Government,0,0,1939
988,988,ماجد يحيى الشيخ صالح,0,Health,0,0,1943
989,989,مارغريت فتحالله كساب,0,Literature,0,0,1946
990,990,مازن ايليا,0,Government,0,0,1950
991,991,ماهر احمد اغا,6,Religion,1,1,1957
992,992,ماهر حربي,0,Health,0,0,1945
993,993,ماهر طه محمد طاقه,0,Literature,0,0,1967
994,994,متي بيثون,0,Art,0,0,1915
995,995,متي عقراوي,4,Literature,0,0,1901
996,996,متي فرنكول,0,Health,0,0,1888
997,997,متي موسى,0,Literature,0,0,1925
998,998,متي ناصر عبدالرحيم مقادسي,0,Education,0,0,1935
999,999,مثري العاني,0,Education,0,0,1940
1000,1000,مجيد خدوري,0,Education,0,0,1909
1001,1001,محسن العلي,2,Education,0,1,1953
1002,1002,محسن خليل حسن,0,Education,0,0,1939
1003,1003,محسن سليمان نادر,0,Education,0,0,1952
1004,1004,محفوظ العباسي,3,Health,0,0,1924
1005,1005,محفوظ حمدون الصواف,0,Health,0,0,1947
1006,1006,محمد ابراهيم,1,Art,0,0,1966
1007,1007,محمد احمد اسماعيل,0,Art,0,0,1957
1008,1008,محمد ازهر سعيد السماك,0,Health,0,0,1963
1009,1009,محمد اسماعيل الطائي,18,Education,0,0,1956
1010,1010,محمد اسماعيل محمد النعمان,0,Education,0,0,1939
1011,1011,محمد افندي النوري,24,Education,0,0,1939
1012,1012,محمد الجليلي,0,Literature,0,0,1941
1013,1013,محمد الحاج الياس,1,Education,0,1,1941
1014,1014,محمد الرضواني م,15,Literature,1,0,1852
1015,1015,محمد الصافي,0,Education,0,0,1922
1016,1016,محمد القبانجي,13,Health,0,0,1904
1017,1017,محمد امين العمري,7,Government,1,0,1889
1018,1018,محمد امين محمد سعيد العالم,5,Art,0,0,1894
1019,1019,محمد انيس احمد يونس,0,Art,0,0,1946
1020,1020,محمد باسل قاسم يحيى,0,Government,0,0,1972
1021,1021,محمد بشير يحيى حسن جقماقجي,0,Health,0,0,1945
1022,1022,محمد بيوض مصطفى الطالب,3,Education,0,0,1890
1023,1023,محمد توفيق افغان,0,Education,0,0,1878
1024,1024,محمد توفيق حسين,1,Education,0,0,1922
1025,1025,محمد جميل الحبال,0,Health,1,0,1945
1026,1026,محمد حامد الطائي,0,Education,0,0,1921
1027,1027,محمد حبيب العبيدي,8,Education,0,0,1882
1028,1028,محمد حديد,6,Government,0,0,1906
1029,1029,محمد حسكه الموصلي ,0,Government,0,0,1912
1030,1030,محمد حسين مرعي,3,Government,0,0,1933
1031,1031,محمد حنتوش   م,0,Education,0,0,1880
1032,1032,محمد خضر الحمداني,0,Education,0,0,1930
1033,1033,محمد درويش,2,Government,0,0,1950
1034,1034,محمد رؤوف العطار,1,Education,0,0,1878
1035,1035,محمد رؤوف الغلامي,30,Literature,0,0,1889
1036,1036,محمد رشيد الفيل,1,Art,1,0,1925
1037,1037,محمد رمزي يحيى قاسم طاقه,0,Education,0,0,1932
1038,1038,محمد زكي,3,Art,0,0,1973
1039,1039,محمد زكي عبدالله الفخري,0,Government,0,0,1915
1040,1040,محمد سالم العريبي,0,Literature,0,0,1926
1041,1041,محمد سالم سعدالله الشيخ علي العبيدي,0,Literature,0,0,1975
1042,1042,محمد سعيد احمد الرحو,3,Government,1,0,1951
1043,1043,محمد سعيد الجليلي,2,Health,0,1,1896
1044,1044,محمد سعيد حمو الياس القصاب,0,Education,0,0,1932
1045,1045,محمد سعيد نعمان,0,Government,0,0,1911
1046,1046,محمد سليم,5,Art,0,0,1883
1047,1047,محمد سليم احمد الجلبي,1,Education,0,0,1847
1048,1048,محمد سليم الاردلاني  ,1,Literature,0,0,1793
1049,1049,محمد سليمان فيضي,1,Literature,0,0,1944
1050,1050,محمد شريف عبدالقادر,0,Education,0,0,1947
1051,1051,محمد شفيق علي الهس,0,Health,0,0,1922
1052,1052,محمد شكري ,1,Government,0,0,1865
1053,1053,محمد شهاب احمد العبيدي,0,Literature,0,0,1937
1054,1054,محمد شيت الجومرد,4,Art,1,0,1845
1055,1055,محمد شيت الحياوي,0,Jurisdiction,0,0,1916
1056,1056,محمد صابر عبيد,0,Health,0,0,1956
1057,1057,محمد صالح الجوادي,23,Literature,0,0,1884
1058,1058,محمد صالح الحبار,3,Religion,0,0,1879
1059,1059,محمد صالح الخطيب ,2,Health,0,0,1827
1060,1060,محمد صالح الشيخ علي,27,Health,0,0,1894
1061,1061,محمد صالح فليح,0,Health,0,0,1921
1062,1062,محمد صالح كريم خان,0,Government,0,0,1923
1063,1063,محمد صالح محمد,0,Education,1,0,1927
1064,1064,محمد صديق الجليلي,2,Literature,0,0,1903
1065,1065,محمد صديق شنشل,33,Government,0,0,1910
1066,1066,محمد ضياء الشعار..,3,Jurisdiction,0,0,1912
1067,1067,محمد طارق بشير الصميدعي,0,Sport,0,0,1970
1068,1068,محمد طاهر النقشبندي,0,Literature,0,0,1943
1069,1069,محمد طاهر امين سعيد الرضواني,0,Government,0,0,1959
1070,1070,محمد طاهر الشيخ عبدالله محمد بك ال سليم بك,5,Jurisdiction,0,0,1927
1071,1071,محمد طاهر رسول,0,Education,0,0,1950
1072,1072,محمد طه النجم,0,Education,0,0,1940
1073,1073,محمد طيب حسين الليله,0,Education,1,0,1960
1074,1074,محمد عبدالقادر حسين,0,Education,0,0,1932
1075,1075,محمد عبدالله داود,0,Health,0,0,1970
1076,1076,محمد عبدالله محمد العبوبي,0,Religion,0,0,1930
1077,1077,محمد عبدالمجيد,0,Education,0,0,1947
1078,1078,محمد عبدالمحسن,37,Education,1,0,1928
1079,1079,محمد عزت العبيدي,2,Government,0,0,1921
1080,1080,محمد عطاالله,6,Education,0,0,1945
1081,1081,محمد علاءالدين حمدي يحيى,0,Literature,0,1,1969
1082,1082,محمد علي احمد السيديه,0,Government,0,0,1973
1083,1083,محمد علي الياس العدواني,30,Health,0,0,1924
1084,1084,محمد علي صائب,0,Religion,0,0,1913
1085,1085,محمد علي عبدالهادي,0,Literature,0,0,1971
1086,1086,محمد عمر محمود العشو,0,Government,0,0,1969
1087,1087,محمد قاسم مصطفى,0,Education,1,0,1938
1088,1088,محمد محمود السراج,0,Education,0,0,1914
1089,1089,محمد محمود الصواف,6,Art,0,0,1915
1090,1090,محمد محمود عبدالله الحفوظي,0,Health,0,0,1939
1091,1091,محمد مصطفى الجبوري,0,Education,0,0,1949
1092,1092,محمد نايف محمد صالح الدليمي,0,Literature,0,0,1944
1093,1093,محمد نجيب الجادر,2,Education,0,0,1893
1094,1094,محمد نذير سعيد,0,Literature,0,0,1937
1095,1095,محمد نعمان ,0,Literature,0,0,1935
1096,1096,محمد نوري احمد خيري م,0,Government,0,0,1900
1097,1097,محمد نوري الفخري م,10,Education,1,0,1889
1098,1098,محمد واصل الظاهر,0,Government,0,0,1924
1099,1099,محمد وجيه فليح,0,Health,0,0,1977
1100,1100,محمد وجيه يوسف الشاكر,0,Government,0,0,1931
1101,1101,محمد ياسين السنجاري ,17,Education,0,0,1959
1102,1102,محمد ياسين امين اغا,1,Health,0,0,1946
1103,1103,محمد يونس السبعاوي,24,Health,0,0,1910
1104,1104,محمود اسماعيل الكانيلاني,0,Government,0,0,1953
1105,1105,محمود الجلبي,0,Education,1,0,1928
1106,1106,محمود الجليلي,0,Education,0,0,1906
1107,1107,محمود الجومرد,3,Government,0,0,1911
1108,1108,محمود الحاج قاسم,5,Health,0,0,1937
1109,1109,محمود الحاج قاسم صالح,0,Education,0,0,1933
1110,1110,محمود الدبوني,0,Health,0,0,1917
1111,1111,محمود الطائي ,0,Education,0,0,1992
1112,1112,محمود المحروق,11,Health,0,0,1931
1113,1113,محمود الملاح,16,Education,0,0,1891
1114,1114,محمود امين الجليلي,0,Health,0,0,1921
1115,1115,محمود جنداري,1,Government,0,1,1944
1116,1116,محمود حسين الامين,0,Education,0,0,1956
1117,1117,محمود سعيد,0,Education,0,0,1935
1118,1118,محمود شاكر سعيد,0,Literature,1,0,1969
1119,1119,محمود شكر صالح,0,Health,0,0,1946
1120,1120,محمود شوقي الحمداني,0,Literature,0,0,1908
1121,1121,محمود شيت الجومرد,0,Education,0,1,1910
1122,1122,محمود شيت خطاب,9,Health,0,0,1919
1123,1123,محمود عبدالله محمد الجادر,0,Education,1,0,1937
1124,1124,محمود عطار باشي,0,Education,0,0,1917
1125,1125,محمود علي الداود,0,Government,0,0,1930
1126,1126,محمود علي النحاس,2,Education,0,0,1967
1127,1127,محمود فتحي حاجي,0,Health,0,0,1946
1128,1128,محمود مفتي الشافعيه,0,Art,0,0,1910
1129,1129,محمود يونس,36,Art,0,0,1917
1130,1130,محيالدين ابوالخطاب المحامي,0,Literature,0,0,1896
1131,1131,محيالدين توفيق,0,Government,0,0,1932
1132,1132,محيالدين يوسف,0,Government,0,0,1903
1133,1133,مخلد المختار,0,Literature,0,0,1945
1134,1134,مراد الداغستاني,3,Art,0,0,1917
1135,1135,مروان ابراهيم صديق,0,Art,0,0,1948
1136,1136,مروان محمود زكريا,0,Health,0,0,1968
1137,1137,مزاحم الناصري,1,Government,0,0,1968
1138,1138,مزاحم علاوي الشاهري,0,Literature,0,1,1953
1139,1139,مزاحم قاسم الخياط,0,Health,0,0,1953
1140,1140,مزاحم قاسم الملاح,0,Education,0,0,1976
1141,1141,مشعل حمودات,0,Literature,0,0,1929
1142,1142,مصطفى الصابونجي,3,Health,0,0,1880
1143,1143,مصطفى العمري,30,Art,0,0,1885
1144,1144,مصطفى محمد جميل,0,Health,0,0,1925
1145,1145,مصطفى محمود البنجويني ,13,Government,0,0,1930
1146,1146,مصطفى محيالدين ذنون مصطفى المشهداني,0,Education,1,0,1938
1147,1147,مظفر انور النعمه,0,Art,0,0,1946
1148,1148,مظفر سعيد محمد العبدالله,0,Health,0,0,1939
1149,1149,مظفر محمد صديق الدباغ,0,Art,0,1,1974
1150,1150,مظهر النقشبندي,2,Art,0,0,1974
1151,1151,معد الجبوري,0,Health,0,0,1946
1152,1152,معزز عبدالقادر المصري,0,Education,0,0,1946
1153,1153,معن عبدالقادر زكريا,0,Art,0,0,1943
1154,1154,معن يحيى عبدالله الصباغ,0,Health,0,0,1946
1155,1155,معيوف ذنون حنتوش,0,Literature,0,0,1969
1156,1156,مفيد محمد علي,0,Health,0,0,1937
1157,1157,مقبل جرجيس,0,Education,0,0,1946
1158,1158,مقداد احمد يحيى الجليلي,0,Education,0,0,1967
1159,1159,مقداد توفيق ايوب,0,Art,0,0,1970
1160,1160,مكي صدقي الشربتي,0,Education,0,0,1895
1161,1161,ممتاز اكرم العمري,0,Literature,1,0,1913
1162,1162,مناهل فخرالدين فليح,1,Education,0,0,1940
1163,1163,منتصر عبدالقادر رفيق حسن الغضنفري,0,Education,0,0,1964
1164,1164,منذر نجيب قزانجي,0,Health,0,0,1949
1165,1165,منهل الدباغ,0,Education,0,0,1955
1166,1166,منى واصف,0,Art,0,0,1955
1167,1167,منى يونس بحري صالح الجبوري,1,Art,0,0,1985
1168,1168,منيبه عباس شاكر,0,Art,0,0,1932
1169,1169,منيبه علي القداوي,0,Government,0,0,1932
1170,1170,منير بشير,2,Literature,0,0,1930
1171,1171,منير يحيى الخيرو,0,Art,0,1,1932
1172,1172,منيره مجيد الساعاتي,0,Religion,0,0,1926
1173,1173,مها الحمودي,0,Health,0,0,1960
1174,1174,مهند يحيى قاسم,0,Education,0,0,1947
1175,1175,موسى حبيب,0,Education,0,0,1916
1176,1176,موسيس دير هاكوبيان,0,Health,0,0,1913
1177,1177,موفق احمد عبدالله,0,Education,0,0,1966
1178,1178,موفق الطائي,1,Education,0,0,1953
1179,1179,موفق ويسي محمود التحافي,0,Education,0,0,1952
1180,1180,موفق ياسين عبدالحافظ شنداله ,0,Education,0,0,1964
1181,1181,موفق يحيى حمدون مصطفى المولى,0,Education,1,0,1953
1182,1182,ميخائيل الياس فغالى,0,Health,0,0,1937
1183,1183,ميخائيل اورو,0,Art,0,0,1951
1184,1184,ميخائيل عواد,6,Art,0,0,1912
1185,1185,ميسر القاضي,0,Religion,0,0,1945
1186,1186,ميسر صالح الامين,0,Literature,0,0,1935
1187,1187,ميسر قاسم الخشاب,0,Education,0,0,1949
1188,1188,cleanString,0,Literature,0,0,1949
1189,1189,ناثر اكرم العمري,0,Health,0,0,1917
1190,1190,ناجي الاصيل,1,Government,0,1,1894
1191,1191,ناجي سرسم,0,Jurisdiction,0,0,1924
1192,1192,ناجي عبدالرحمن ناجي,0,Health,0,0,1932
1193,1193,نادره عزوز,0,Art,0,0,1927
1194,1194,نازك احمد مدحت النجفي,0,Education,0,0,1932
1195,1195,ناصر اسطيفان ددي,0,Health,0,0,1894
1196,1196,ناطق عزيز,0,Literature,0,0,1947
1197,1197,ناظم سلطان علاوي,0,Education,0,0,1945
1198,1198,ناظم محمد مصطفى,0,Health,0,0,1949
1199,1199,نافع الخياط,0,Jurisdiction,0,0,1914
1200,1200,نافع ايوب عقراوي,0,Government,0,0,1944
1201,1201,نافع عزيز عبو المعمار,0,Government,0,0,1947
1202,1202,نافع مجيد بزوعي,0,Government,0,0,1925
1203,1203,نافع محمود شهاب,0,Health,0,0,1942
1204,1204,ناهض الرمضاني,0,Health,0,0,1964
1205,1205,نبيل خليل سلمان,0,Education,0,0,1967
1206,1206,نبيل صالح,0,Education,0,0,1949
1207,1207,نبيل محمد الصباغ,0,Health,0,0,1948
1208,1208,نبيل محمد جواد النعيمي,0,Education,0,0,1947
1209,1209,نبيل نجيب فاضل,0,Health,0,0,1955
1210,1210,نبيهه عبود,0,Education,0,0,1955
1211,1211,نجاه محمود الصفار,0,Health,0,0,1943
1212,1212,نجلاء عطا الخطيب,0,Education,0,0,1923
1213,1213,نجيب الريحاني,23,Education,0,0,1890
1214,1214,نجيب الصائغ,0,Education,0,0,1913
1215,1215,نجيب توفيق غزال,0,Art,0,0,1943
1216,1216,نجيب جلميران,0,Health,0,0,1917
1217,1217,نجيب خروفه,0,Jurisdiction,0,0,1921
1218,1218,نجيب عزيز الوكيل,0,Religion,0,0,1924
1219,1219,نجيب فاضل الصيدلي,5,Education,0,0,1925
1220,1220,نجيب يحيى الخفاف,0,Government,0,0,1920
1221,1221,نجيب يوسفاني,0,Literature,0,0,1925
1222,1222,نجيب يونس,16,Art,0,0,1930
1223,1223,ندى العمري,0,Health,0,0,1953
1224,1224,نديم الاطرقجي,1,Literature,0,1,1915
1225,1225,نذير الغلامي,2,Health,0,0,1896
1226,1226,نذير عبدالغني محمد عبدالله العزاوي,0,Education,0,0,1956
1227,1227,نزار جبرائيل الياس,0,Education,0,0,1972
1228,1228,نزار سليم,4,Art,0,0,1925
1229,1229,نزار عبدالستار,4,Literature,0,0,1995
1230,1230,نزار عبداللطيف,0,Literature,0,0,1949
1231,1231,نزار عزيز جاسم,0,Art,0,0,1955
1232,1232,نزار مجيد علي الطالب,0,Education,0,0,1965
1233,1233,نزار مجيد قبع,0,Health,0,0,1950
1234,1234,نزار محمد سليم نعمان,0,Health,0,0,1970
1235,1235,نزار محمد سليمان المختار,2,Art,0,1,1929
1236,1236,نزار يحيى نزهت,0,Health,0,0,1930
1237,1237,نزار يونس,0,Education,0,0,1955
1238,1238,نزيهه سليم,3,Art,0,0,1927
1239,1239,نشوان قحطان محجوب,0,Education,0,0,1985
1240,1240,نضير نعوم مطلوب,0,Government,0,0,1914
1241,1241,نعم احمد محمد,0,Government,0,0,1954
1242,1242,نعمهالله النعمه,17,Education,0,0,1892
1243,1243,نعمهالله دنو,0,Art,0,0,1884
1244,1244,نعوم فتحالله سحار,4,Education,0,0,1834
1245,1245,نمرود زوزو طوانه,1,Government,0,0,1953
1246,1246,نمرود قاشا,0,Health,1,0,1956
1247,1247,نهاد اديب طه,0,Education,0,0,1936
1248,1248,نهاد سليم خياط,0,Education,0,0,1925
1249,1249,نهى لازار,1,Art,0,0,1973
1250,1250,نهى يحيى ذنون القصيمي,0,Health,0,0,1945
1251,1251,نوح عبدالله الجلبي,2,Health,0,0,1909
1252,1252,نورالدين حسين,0,Education,0,0,1946
1253,1253,نورالدين خليل,0,Government,0,0,1940
1254,1254,نورالدين محمود,0,Government,0,0,1899
1255,1255,نوزت سالم خليل,0,Art,0,0,1973
1256,1256,cleanString,0,Education,0,0,1973
1257,1257,هادي العمري,0,Art,0,0,1860
1258,1258,هاشم احمد طه الطيار,0,Education,0,0,1959
1259,1259,هاشم الجبوري,0,Education,0,0,1959
1260,1260,هاشم الحاج يونس,0,Art,0,0,1902
1261,1261,هاشم الصفار,5,Art,0,0,1940
1262,1262,هاشم الطعان,15,Education,0,0,1931
1263,1263,هاشم سليم الطالب,0,Art,0,0,1921
1264,1264,هاشم سمرجي,1,Art,0,0,1939
1265,1265,هاشم سيد يحيى علي,0,Government,0,0,1939
1266,1266,هاشم عقراوي,0,Literature,0,0,1926
1267,1267,هاشم محمد رجب الشيخ,0,Education,0,0,1933
1268,1268,هاشم محمد سعيد,0,Health,0,0,1941
1269,1269,هاشم محمد سعيد احمد البرزنجي,0,Religion,0,0,1937
1270,1270,هاشم يحيى حسين الملاح,1,Government,0,0,1940
1271,1271,هاني ابراهيم العزو,0,Health,0,0,1943
1272,1272,هاني محيالدين,0,Education,0,0,1955
1273,1273,هاني هاني,1,Education,0,0,1941
1274,1274,هبهالله المفتى,0,Health,0,0,1927
1275,1275,هرمز انطوان رسام,1,Education,0,0,1826
1276,1276,هشام احمد الاطرقجي,0,Health,0,0,1944
1277,1277,هشام احمد الطالب,1,Literature,0,0,1928
1278,1278,هشام سعيد,0,Health,0,0,1952
1279,1279,هشام سيدان النعيمي,0,Education,0,1,1934
1280,1280,هشام صباح الفخري,0,Health,0,0,1940
1281,1281,هشام عبدالكريم,0,Health,0,0,1957
1282,1282,هشام عبدالكريم البدراني,7,Government,0,0,1958
1283,1283,هشام محمد شريف الدباغ,0,Art,0,0,1936
1284,1284,هشام يحيى ذنون الدباغ,0,Education,0,0,1966
1285,1285,هلال السعد,2,Health,0,0,1975
1286,1286,هلال يونان متي انطوان,1,Health,0,0,1948
1287,1287,هناء محمود شهاب,0,Education,1,0,1953
1288,1288,هيثم بهنام بردى,0,Jurisdiction,0,0,1953
1289,1289,هيفاء زكي رشيد,0,Health,0,0,1937
1290,1290,هيفاء محمد عبدالمجيد ثابت,0,Art,0,0,1935
1291,1291,cleanString,0,Literature,0,0,1935
1292,1292,واجده احمد مدحت النجفي,0,Literature,0,0,1934
1293,1293,وجدان توفيق حسين عثمان الخشاب,0,Art,0,0,1959
1294,1294,وجيه زين العابدين,0,Health,0,0,1919
1295,1295,وجيه محجوب,0,Education,0,0,1944
1296,1296,وجيهه مجيد الشماع,0,Education,0,0,1934
1297,1297,وداد رشاد العبيدي,0,Health,0,0,1938
1298,1298,وديع ياسين,0,Art,0,0,1946
1299,1299,وسام ابراهيم عزيز,0,Art,0,0,1967
1300,1300,وضاح رمزي محمود القيسي,0,Literature,0,0,1968
1301,1301,وعدالله ابراهيم,2,Government,0,0,1940
1302,1302,وعدالله اسماعيل مصطفى,0,Art,0,0,1931
1303,1303,وعدالله ايليا,0,Education,0,0,1962
1304,1304,وعد عبدالهادي,0,Government,0,0,1962
1305,1305,وفيق الخشاب,5,Education,0,0,1930
1306,1306,وليد الصراف,11,Education,0,0,1964
1307,1307,وليد جورج غزاله,0,Health,0,0,1946
1308,1308,وليد سيفو امين,0,Art,0,0,1968
1309,1309,وليد شيت طه اليوزبكي,0,Art,0,0,1947
1310,1310,وليد عبودي بني قصير,0,Literature,0,0,1970
1311,1311,وهبيه عبدالمجيد الساعاتي,0,Health,0,0,1930
1312,1312,cleanString,0,Health,0,0,1930
1313,1313,ياسين حامد القطان,0,Art,0,1,1929
1314,1314,ياسين طه محمد علي الحجار,0,Health,0,0,1975
1315,1315,ياسين عبدالكريم,0,Literature,0,0,1914
1316,1316,ياسين قاسم عبدالله الجمعه,0,Literature,0,0,1947
1317,1317,ياسين نجم عبدالله,0,Health,0,0,1932
1318,1318,يحيى عبدالله الصائغ,0,Education,1,0,1909
1319,1319,يحيى ادريس الصواف,0,Health,1,0,1949
1320,1320,يحيى داؤد وهب المشهداني,0,Education,0,0,1973
1321,1321,يحيى ذنون اليونس,0,Health,0,0,1923
1322,1322,يحيى عبدالمجيد العبيدي,0,Education,0,0,1940
1323,1323,يحيى عبد سعيد,6,Government,0,0,1931
1324,1324,يحيى ق عبدالواحد,13,Education,0,0,1894
1325,1325,يحيى نزهت,0,Health,0,0,1883
1326,1326,يحيى نزهت علي,1,Government,0,0,1883
1327,1327,يحيى نوري الجمال,0,Education,0,0,1945
1328,1328,يسار يحيى حسين التمر,0,Health,0,0,1969
1329,1329,يعسوب سليمان ابراهيم,0,Health,0,0,1944
1330,1330,يعقوب بلبلول,1,Religion,1,0,1927
1331,1331,يعقوب حنا عسكر,0,Art,0,0,1910
1332,1332,يعقوب عزيز,0,Health,0,0,1924
1333,1333,يوئيل يوسف عزيز اليعقوبي,23,Education,0,0,1932
1334,1334,يوحنا اسحق زيا البيلاتي,0,Education,0,0,1949
1335,1335,يوحنا المنصوري,5,Health,0,0,1873
1336,1336,يوسف ال قليتا,2,Health,0,0,1872
1337,1337,يوسف الرمضاني,5,Religion,1,1,1840
1338,1338,يوسف السابع غنيمه,0,Art,0,0,1881
1339,1339,يوسف الصائغ,6,Education,0,0,1933
1340,1340,يوسف الياس اسحق حسو,0,Art,0,0,1942
1341,1341,يوسف امين قصير,1,Education,0,0,1920
1342,1342,يوسف بطرس,0,,0,0,1907
1343,1343,يوسف حنا ابراهيم,0,,0,0,1947
1344,1344,يوسف خيدو,0,,0,0,1908
1345,1345,يوسف ذنون,11,,0,0,1932
1346,1346,يوسف راجز داود بيو,0,,0,0,1914
1347,1347,يوسف رزقالله غنيمه,9,,0,0,1885
1348,1348,يوسف زيا عبو,1,Health,0,0,1935
1349,1349,يوسف صديق حسن,0,,0,0,1939
1350,1350,يوسف عبدالله شهاب,1,,0,0,1959
1351,1351,يوسف عزيز,0,Health,0,0,1905
1352,1352,يوسف عمانوئيل الثاني,1,,0,0,1852
1353,1353,يوسف قاسم النجدي,1,,0,0,1954
1354,1354,يوسف قوزي,0,,0,0,1933
1355,1355,يوسف متي,8,,0,0,1914
1356,1356,يوسف محمود حمادي البارودي,0,,0,0,1939
1357,1357,يوسف هرمز جمو,0,,0,0,1892
1358,1358,يوسف يعقوب مسكوني,0,,0,0,1903
1359,1359,يوليوس جرجس قندلا,2,,0,0,1889
1360,1360,يونان عبو اليونان,0,,0,0,1893
1361,1361,يونس الحمطاني,1,,0,0,1932
1362,1362,يونس بحري,0,,0,0,1903
1363,1363,يونس بشير,0,Health,0,0,1942
1364,1364,يونس حسين,0,,0,0,1937
1365,1365,يونس عزيز محمد صالح,0,,0,0,1923
1366,1366,يونس مجيد سعيد,0,,0,0,1946
1367,1367,يونس ناصر عبود,0,,0,0,1982
